name,industry,country,description
Acme Technologies,Technology,United States,"Leading provider of cloud infrastructure solutions and enterprise AI platforms."
HealthFirst Medical,Healthcare,Germany,"Pioneering medical devices and digital health solutions for modern hospitals."
Global Finance Group,Finance,United Kingdom,"International investment banking and wealth management services."
EduQuest Learning,Education,Canada,"Online learning platform connecting students with expert tutors worldwide."
ShopEase Marketplace,E-commerce,India,"Fast-growing e-commerce platform specializing in consumer electronics."
GreenDelta Energy,Energy,Netherlands,"Renewable energy company focused on solar and wind power generation."
Nova Robotics,Technology,Japan,"Industrial robotics manufacturer specializing in precision automation systems."
BioCure Pharmaceuticals,Healthcare,Switzerland,"Research-driven biotech company developing novel gene therapies."
QuantumPay Solutions,Finance,Singapore,"Digital payment infrastructure powering fintech across Southeast Asia."
LearnSphere Academy,Education,Australia,"AI-powered adaptive learning platform for K-12 education."
StyleVault Fashion,E-commerce,France,"Luxury fashion marketplace connecting designers with global buyers."
DataStream Analytics,Technology,United States,"Real-time data analytics platform for streaming and IoT applications."
VitalCare Hospitals,Healthcare,India,"Network of multi-specialty hospitals with telemedicine capabilities."
TradeWise Capital,Finance,United Arab Emirates,"Islamic finance and Sharia-compliant investment management."
AlphaCompute Systems,Technology,South Korea,"High-performance computing and semiconductor design company."
